Title	Category		Filename	URL	Date Created	Date
Ep 1 - Introduction to Mormonism and Joseph Smith	History	https://nakedmormonismpodcast.com/episode-1-introduction-mormonism-joseph-smith/	Episode 1 Notes.odt.markdown	https://nakedmormonismpodcast.libsyn.com/ep1-introduction-to-mormonism-and-joseph-smith		11/9/2014 0:55:58
Ep 2 - Emma Smith Blushing Bride Mafia Wife	History	https://nakedmormonismpodcast.com/episode-2-emma-smith-blushing-bride-mafia-wife/	Episode 2 Notes.odt.markdown	https://nakedmormonismpodcast.libsyn.com/ep2-emma-smith-blushing-bride-mafia-wife		11/9/2014 1:37:47
Ep 3 - Introduction to Martin Harris (Not-So-Smarty-Marty)	History	https://nakedmormonismpodcast.com/episode-3-introduction-martin-harris-not-smarty-marty/	Episode 3 Notes.odt.markdown	https://nakedmormonismpodcast.libsyn.com/ep3-martin-harris-not-so-smarty-marty-pt1		11/9/2014 1:56:37
Ep 4 - Martin Harris Pt.2 Meeting of the Minds	History	https://nakedmormonismpodcast.com/episode-4-martin-harris-pt-2-meeting-minds/	Episode 4 Notes.odt.markdown	https://nakedmormonismpodcast.libsyn.com/ep4-martin-harris-pt2-meeting-of-the-minds		11/9/2014 2:09:42
Ep 5 - Introduction to Oliver Cowdery (Cowdung-Ollover)	History	https://nakedmormonismpodcast.com/episode-5-introduction-oliver-cowdery-cowdung-ollover/	Episode 5 Notes.odt.markdown	https://nakedmormonismpodcast.libsyn.com/ep5-oliver-cowdery-cowdung-allover-and-joes-mutual-bapturbation-ritual		11/9/2014 2:39:07
Ep 6 - Polygamy Special	History	https://nakedmormonismpodcast.com/episode-6-polygamy-special-pt-1/	Episode 6 Notes.odt.markdown	https://nakedmormonismpodcast.libsyn.com/ep6-polygamy-special	Fri, 21 Nov 2014 05:29:25 +0000	11/21/2014 5:29:25
Ep 7 - Polygamy Special Pt. 2 Joe and all his bro’s and their hoe’s!	History	https://nakedmormonismpodcast.com/episode-7-polygamy-special-pt-2/	Episode 7 Notes.odt.markdown	https://nakedmormonismpodcast.libsyn.com/ep7-polygamy-special-pt-2-joe-and-all-his-bros-and-their-hoes	Sat, 06 Dec 2014 19:43:03 +0000	12/6/2014 19:43:03
Ep 8 - D-Day David Whitmer’s Grand Introduction, Hiram Page’s Rise and Fall	History	https://nakedmormonismpodcast.com/episode-8-d-day-david-whitmers-grand-introduction-hiram-pages-rise-fall/	Episode 8 Notes.odt.markdown	https://nakedmormonismpodcast.libsyn.com/ep8-d-day-david-whitmers-grand-introduction-hiram-pages-rise-and-fall	Fri, 19 Dec 2014 04:00:00 +0000	12/19/2014 4:00:00
Ep 9 - Joseph’s super powered knockout punches of DOOM!!!	History	https://nakedmormonismpodcast.com/episode-9-josephs-super-powered-knockout-punches-doom/	Episode 9 Notes.odt.markdown	https://nakedmormonismpodcast.libsyn.com/ep9-josephs-super-powered-knockout-punches-of-doom	Fri, 02 Jan 2015 16:00:00 +0000	1/2/2015 16:00:00
Ep 10 - Joseph Smith, Palmyra Pariah	History	https://nakedmormonismpodcast.com/episode10-joseph-smith-palmyra-pariah/	Episode 10 Notes.odt.markdown	https://nakedmormonismpodcast.libsyn.com/ep10-joseph-smith-palmyra-pariah	Fri, 16 Jan 2015 05:29:06 +0000	1/16/2015 5:29:06
Ep 11 - Joseph Smith’s glass looking on trial	History	https://nakedmormonismpodcast.com/episode-11-joseph-smiths-glass-looking-trial/	Episode 11 notes.odt.markdown	https://nakedmormonismpodcast.libsyn.com/ep11-joseph-smiths-glass-looking-on-trial	Fri, 13 Feb 2015 03:45:44 +0000	2/13/2015 3:45:44
Ep 12 - Joseph Smith Disorderly Disgrace	History	https://nakedmormonismpodcast.com/episode-12-joseph-smith-disorderly-disgrace/	Episode 12 Notes.odt.markdown	http://nakedmormonismpodcast.com/index.html	Fri, 27 Feb 2015 05:00:00 +0000	2/27/2015 5:00:00
Ep 13 - Charles Darwin versus Joseph Smith	History	https://nakedmormonismpodcast.com/episode-13-charles-darwin-versus-joseph-smith/	Episode 13 notes.odt.markdown	https://nakedmormonismpodcast.libsyn.com/ep-13-charles-darwin-versus-joseph-smith	Fri, 13 Mar 2015 02:04:01 +0000	3/13/2015 2:04:01
Ep 14 - Sidney’s Rigorous examination	History	https://nakedmormonismpodcast.com/episode-14-sidneys-rigorous-examination/	Episode 14 notes.odt.markdown	https://nakedmormonismpodcast.libsyn.com/ep14-sidneys-rigorous-examination	Fri, 27 Mar 2015 03:37:23 +0000	3/27/2015 3:37:23
Ep 15 - Manuscript Found by Sidney Rigdon	History	https://nakedmormonismpodcast.com/episode-15-manuscript-found-sidney-rigdon/	Episode 15 notes.odt.markdown	https://nakedmormonismpodcast.libsyn.com/ep-15-manuscript-found-by-sidney-rigdon	Fri, 10 Apr 2015 01:25:25 +0000	4/10/2015 1:25:25
Ep 16 - Joseph Smith Plagiarist Extraordinaire	History	https://nakedmormonismpodcast.com/episode-16-joseph-smith-plagiarist-extraordinaire/	Episode 16 Notes.odt.markdown	https://nakedmormonismpodcast.libsyn.com/ep-16-joseph-smith-plagiarist-extraordinaire	Fri, 08 May 2015 04:25:00 +0000	5/8/2015 4:25:00
Ep 17 - Book of Mormon Versus Reality	History	https://nakedmormonismpodcast.com/episode-17-book-mormon-versus-reality/	Episode 17 notes.odt.markdown	https://nakedmormonismpodcast.libsyn.com/episode-17-book-of-mormon-versus-reality	Fri, 22 May 2015 04:16:56 +0000	5/22/2015 4:16:56
Ep 18 - Witnesses? Or Swindlers Syndicate?	History	https://nakedmormonismpodcast.com/episode-18-witnesses-swindlers-syndicate/	Episode 18 notes.odt.markdown	https://nakedmormonismpodcast.libsyn.com/episode-18-witnesses-or-swindlers-syndicate	Thu, 04 Jun 2015 23:55:49 +0000	6/4/2015 23:55:49
Ep 19 - Priesthood Power Play	History	https://nakedmormonismpodcast.com/episode-19-priesthood-power-play/	Episode 19 notes.odt.markdown	https://nakedmormonismpodcast.libsyn.com/19-priesthood-power-play	Fri, 19 Jun 2015 04:34:28 +0000	6/19/2015 4:34:28
Ep 20 - Joe the Ignoramus, and the Book of Pukei	History	https://nakedmormonismpodcast.com/episode-20-joe-ignoramus-book-pukei/	Episode 20 notes.odt.markdown	https://nakedmormonismpodcast.libsyn.com/episode-20-joe-the-ignoramus-and-the-book-of-pukei	Fri, 17 Jul 2015 02:24:53 +0000	7/17/2015 2:24:53
SpEdEp 10 - ROT IN HELL Boyd K. Packer!!!	SpEdEp	https://nakedmormonismpodcast.com/special-edition-episode-10-rot-hell-boyd-k-packer/	SpEdEp 10 notes.odt.markdown	https://nakedmormonismpodcast.libsyn.com/spedep-10-rot-in-hell-boyd-k-packer	Fri, 31 Jul 2015 01:28:39 +0000	7/31/2015 1:28:39
Ep 21 - 1 Prophet, 2 Trials... 3-some anybody?	History	https://nakedmormonismpodcast.com/episode-21-1-prophet-2-trials-3-anybody/	Episode 21 notes.odt.markdown	https://nakedmormonismpodcast.libsyn.com/ep-21-1-prophet-2-trials-3-some-anybody	Fri, 14 Aug 2015 04:31:12 +0000	8/14/2015 4:31:12
Ep 22 - Priestcraft Hypocrisy - A Spine is Grown and Broken	History	https://nakedmormonismpodcast.com/episode-22-priestcraft-hypocrisy-spine-grown-broken/	Episode 22 Notes.odt.markdown	https://nakedmormonismpodcast.libsyn.com/ep-22-priestcraft-hypocrisy-a-spine-is-grown-and-broken	Fri, 28 Aug 2015 03:36:55 +0000	8/28/2015 3:36:55
Ep 23 - Joe the Firefighter	History	https://nakedmormonismpodcast.com/episode-23-joe-firefighter/	Episode 23 Notes.odt.markdown	https://nakedmormonismpodcast.libsyn.com/ep-23-joe-the-firefighter	Fri, 25 Sep 2015 01:19:14 +0000	9/25/2015 1:19:14
Ep 24 - Joe’s New Sidekick	History	https://nakedmormonismpodcast.com/episode-24-joes-new-sidekick/	Episode 24 notes.odt.markdown	https://nakedmormonismpodcast.libsyn.com/ep-24-joes-new-sidekick	Fri, 16 Oct 2015 04:19:05 +0000	10/16/2015 4:19:05
CC - The Book of Mormon	CC	https://nakedmormonismpodcast.com/6631-2/	CC - Book of Mormon.odt.markdown	https://nakedmormonismpodcast.libsyn.com/cc-the-book-of-mormon	Sun, 15 Nov 2015 07:52:13 +0000	11/15/2015 7:52:13
Ep 25 - Joe in Charge	History	https://nakedmormonismpodcast.com/episode-25-joe-charge/	Episode 25 Notes.odt.markdown	https://nakedmormonismpodcast.libsyn.com/ep-25-joe-in-charge	Fri, 11 Dec 2015 05:52:46 +0000	12/11/2015 5:52:46
SpEdEp 15 - War of 1812 Discussion with Tim and Clara Keyt	SpEdEp			https://nakedmormonismpodcast.libsyn.com/spedep-15-war-of-1812-discussion-with-tim-and-clara-keyt	Fri, 25 Dec 2015 02:35:15 +0000	12/25/2015 2:35:15
CC - The BoM pt 1	CC			https://nakedmormonismpodcast.libsyn.com/cc-the-bom-pt-1	Thu, 31 Dec 2015 22:28:16 +0000	12/31/2015 22:28:16
CC BoM pt2	CC			https://nakedmormonismpodcast.libsyn.com/cc-bom-pt2	Fri, 08 Jan 2016 02:30:12 +0000	1/8/2016 2:30:12
CC BoM pt3	CC			https://nakedmormonismpodcast.libsyn.com/cc-bom-pt3	Fri, 15 Jan 2016 01:06:52 +0000	1/15/2016 1:06:52
Ep 26 - Joseph Smith, Broken or the Breaker?	History	https://nakedmormonismpodcast.com/episode-26-joseph-smith-broken-breaker/	Episode 26 notes.odt.markdown	https://nakedmormonismpodcast.libsyn.com/ep-26-joseph-smith-broken-or-the-breaker	Fri, 22 Jan 2016 02:10:34 +0000	1/22/2016 2:10:34
Ep 27 - Broadsword, Javelin, Bowie Knife, and a Bucket of Crazy	History	https://nakedmormonismpodcast.com/episode-27-broadsword-javelin-bowie-knife-bucket-crazy/	Episode 27 notes.odt.markdown	https://nakedmormonismpodcast.libsyn.com/ep-27-broadsword-javelin-bowie-knife-and-a-bucket-of-crazy	Fri, 05 Feb 2016 03:07:51 +0000	2/5/2016 3:07:51
Ep 28 - Battle for Zion	History	https://nakedmormonismpodcast.com/%e2%80%8bepisode-28-battle-zion/	Episode 28 notes.odt.markdown	https://nakedmormonismpodcast.libsyn.com/ep-28-battle-for-zion	Fri, 19 Feb 2016 05:26:18 +0000	2/19/2016 5:26:18
SpEdEp 17 - Adam Gonnerman on Campbellism and Mormonism	SpEdEp			https://nakedmormonismpodcast.libsyn.com/spedep-17-adam-gonnerman-on-campbellism-and-mormonism	Fri, 26 Feb 2016 06:10:16 +0000	2/26/2016 6:10:16
Ep 29 - Doctor Philastus Hurlbut with Noah Lugeons (Patreon)	History	https://nakedmormonismpodcast.com/episode-29-doctor-philastus-hurlbut-noah-lugeons/	Episode 29 notes.odt.markdown	https://nakedmormonismpodcast.libsyn.com/ep-29-doctor-philastus-hurlbut-with-noah-lugeons-patreon	Fri, 04 Mar 2016 05:43:38 +0000	3/4/2016 5:43:38
Ep 30 - Zion’s Camp and Zelph with David Michael pt1	History	https://nakedmormonismpodcast.com/episode-30-zions-camp-zelph-david-michael-pt-1-listen-episode-30/	Episode 30 notes.odt.markdown	https://nakedmormonismpodcast.libsyn.com/ep-30-zions-camp-and-zelph-with-david-michael-pt1	Fri, 18 Mar 2016 03:57:54 +0000	3/18/2016 3:57:54
Ep 31 - Zions Camp and Cholera with David Michael pt2	History	https://nakedmormonismpodcast.com/episode-31-zions-camp-cholera-david-michael-pt2/	Episode 31 notes.odt.markdown	https://nakedmormonismpodcast.libsyn.com/ep-31-zions-camp-and-cholera-with-david-michael-pt2	Fri, 01 Apr 2016 02:51:37 +0000	4/1/2016 2:51:37
Ep 32 - Smith v. Smith Aftermath of Zion’s Camp	History	https://nakedmormonismpodcast.com/ep-32-smith-v-smith-aftermath-zions-camp/	Episode 32 notes.odt.markdown	https://nakedmormonismpodcast.libsyn.com/ep-32-smith-v-smith-aftermath-of-zions-camp	Thu, 14 Apr 2016 16:25:13 +0000	4/14/2016 16:25:13
CC - Race and the Priesthood	CC	https://nakedmormonismpodcast.com/cc-race-priesthood/	CC Race and the Priesthood.odt.markdown	https://nakedmormonismpodcast.libsyn.com/cc-race-and-the-priesthood	Fri, 06 May 2016 04:02:00 +0000	5/6/2016 4:02:00
Ep 33 - Ancient Papyri and Joe Tappin’ Dat Fanny	History	https://nakedmormonismpodcast.com/episode-33-ancient-papyri-joe-tappin-dat-fanny/	Episode 33 notes.odt.markdown	https://nakedmormonismpodcast.libsyn.com/ep-33-ancient-papyri-and-joe-tappin-dat-fanny	Fri, 27 May 2016 07:04:26 +0000	5/27/2016 7:04:26
Ep 34 - Kirtland Temple Hallucication	History	https://nakedmormonismpodcast.com/episode-34-kirtland-temple-hallucication/	Episode 34 notes.docx.markdown	https://nakedmormonismpodcast.libsyn.com/ep-34-kirtland-temple-hallucication	Fri, 10 Jun 2016 05:44:54 +0000	6/10/2016 5:44:54
Ep 35 - Joe the Swindler Gets Hoodwinked	History	https://nakedmormonismpodcast.com/ep-35-joe-swindler-gets-hoodwinked/	Episode 35 notes.docx.markdown	https://nakedmormonismpodcast.libsyn.com/ep-35-joe-the-swindler-gets-hoodwinked	Fri, 24 Jun 2016 04:00:00 +0000	6/24/2016 4:00:00
Ep 36 - Kirtland’s Gideon Society for Safety Company	History	https://nakedmormonismpodcast.com/episode-36-kirtlands-gideon-society-safety-company/	Episode 36 notes.docx.markdown	https://nakedmormonismpodcast.libsyn.com/ep-36-kirtlands-gideon-society-for-safety-company	Fri, 15 Jul 2016 06:51:56 +0000	7/15/2016 6:51:56
Ep 37 - Joseph Smith Evades a Coup	History	https://nakedmormonismpodcast.com/episode-37-joseph-smith-evades-coup/	Episode 37 notes.docx.markdown	https://nakedmormonismpodcast.libsyn.com/ep-37-joseph-smith-evades-a-coup	Fri, 29 Jul 2016 04:00:00 +0000	7/29/2016 4:00:00
SpEdEp 27 - Sunstone Symposium Mormon Nerd Convention	SpEdEp			https://nakedmormonismpodcast.libsyn.com/spedep-27-sunstone-symposium-mormon-nerd-convention	Fri, 05 Aug 2016 04:22:11 +0000	8/5/2016 4:22:11
CC - Mark Hofmann pt 1	CC	https://nakedmormonismpodcast.com/cc-mark-hofmann-pt-1/	CC Mark Hoffman notes.pt1.docx.markdown	https://nakedmormonismpodcast.libsyn.com/cc-mark-hofmann-pt-1	Thu, 11 Aug 2016 18:51:27 +0000	8/11/2016 18:51:27
CC - Mark Hofmann pt 2	CC	https://nakedmormonismpodcast.com/cc-mark-hofmann-pt-2/	CC Mark Hoffman notes.pt2.docx.markdown	https://nakedmormonismpodcast.libsyn.com/cc-mark-hofmann-pt-2	Fri, 19 Aug 2016 06:35:04 +0000	8/19/2016 6:35:04
Ep 38 - Nigh Pandemonium of 1837	History	https://nakedmormonismpodcast.com/episode-38-nigh-pandemonium-1837/	Episode 38 notes.docx.markdown	https://nakedmormonismpodcast.libsyn.com/ep-38-nigh-pandemonium-of-1837	Fri, 09 Sep 2016 03:00:35 +0000	9/9/2016 3:00:35
CC - Mark Hofmann pt. 3	CC	https://nakedmormonismpodcast.com/cc-mark-hofmann-pt-3/	CC Mark Hoffman notes.pt3.docx.markdown	https://nakedmormonismpodcast.libsyn.com/cc-mark-hofmann-pt-3	Fri, 16 Sep 2016 20:40:48 +0000	9/16/2016 20:40:48
Ep 39 - Joseph Smith’s Assassination Order	History	https://nakedmormonismpodcast.com/episode-39-joseph-smiths-assassination-order/	Episode 39 notes.docx.markdown	https://nakedmormonismpodcast.libsyn.com/ep-39-joseph-smiths-assassination-order	Fri, 30 Sep 2016 05:10:26 +0000	9/30/2016 5:10:26
Ep 40 - Second Mass Exodus plus Marie from My BoM!	History	https://nakedmormonismpodcast.com/episode-40-second-mass-exodus-plus-marie-bom/	Episode 40 notes.docx.markdown	https://nakedmormonismpodcast.libsyn.com/ep-40-second-mass-exodus-plus-marie-from-my-bom	Fri, 14 Oct 2016 05:48:07 +0000	10/14/2016 5:48:07
CC - Norma	CC			https://nakedmormonismpodcast.libsyn.com/cc-norma	Tue, 01 Nov 2016 04:25:01 +0000	11/1/2016 4:25:01
Ep 41 - Gloria in Ecclesia. Fili Raptus in Nominee Deorum.	History	https://nakedmormonismpodcast.com/episode-41-gloria-ecclesia-fili-raptus-nominee-deorum/	todo	https://nakedmormonismpodcast.libsyn.com/ep-41-gloria-in-ecclesia-fili-raptus-in-nominee-deorum	Fri, 04 Nov 2016 04:08:56 +0000	11/4/2016 4:08:56
Sidney Rigdon - Forgotten Hero of Mormonism	SpEdEp			https://nakedmormonismpodcast.libsyn.com/sidney-rigdon-forgotten-hero-of-mormonism	Wed, 23 Nov 2016 05:51:22 +0000	11/23/2016 5:51:22
Ep 42 - Schism Grenade with John Hamer	History	https://nakedmormonismpodcast.com/episode-42-schism-grenade-john-hamer/	todo	https://nakedmormonismpodcast.libsyn.com/ep-42-schism-grenade-with-john-hamer	Fri, 25 Nov 2016 06:04:11 +0000	11/25/2016 6:04:11
Ep 43 - The Red Sermon	History	https://nakedmormonismpodcast.com/episode-43-red-sermon/	todo	https://nakedmormonismpodcast.libsyn.com/ep-43-the-red-sermon	Fri, 02 Dec 2016 05:42:35 +0000	12/2/2016 5:42:35
SpEdEp 34 - Communicating Polygamy with Lindsay Park	SpEdEp			https://nakedmormonismpodcast.libsyn.com/spedep-34-communicating-polygamy-with-lindsay-park	Fri, 09 Dec 2016 03:25:49 +0000	12/9/2016 3:25:49
Ep 44 - The Battle Begins	History	https://nakedmormonismpodcast.com/episode-44-battle-begins/	Episode 44 notes.docx.markdown	https://nakedmormonismpodcast.libsyn.com/ep-44-the-battle-begins	Fri, 16 Dec 2016 01:57:53 +0000	12/16/2016 1:57:53
SpEdEp 35 - Trippin’ Through the Aeons	SpEdEp			https://nakedmormonismpodcast.libsyn.com/spedep-35-trippin-through-the-aeons	Fri, 23 Dec 2016 02:24:47 +0000	12/23/2016 2:24:47
SpEdEp 36 - Joseph’s Technicolor Dream-stone	SpEdEp			https://nakedmormonismpodcast.libsyn.com/spedep-36-josephs-technicolor-dream-stone	Fri, 30 Dec 2016 01:23:03 +0000	12/30/2016 1:23:03
Ep 45 - Militant Seekers of Truth	History	https://nakedmormonismpodcast.com/episode-45-militant-seekers-truth/	Episode 45 notes.docx.markdown	https://nakedmormonismpodcast.libsyn.com/ep-45-militant-seekers-of-truth	Fri, 06 Jan 2017 04:02:24 +0000	1/6/2017 4:02:24
Ep 46 - Mo Conquest and Mythicist Milwaukee pt2	History	https://nakedmormonismpodcast.com/episode-46-mo-conquest-mythicist-milwaukee-pt2/	Episode 46 notes.docx.markdown	https://nakedmormonismpodcast.libsyn.com/ep-46-mo-conquest-and-mythicist-milwaukee-pt2	Fri, 20 Jan 2017 04:14:11 +0000	1/20/2017 4:14:11
SpEdEp 38 - Brigham Young’s Conquest with Historian Christopher C. Smith	SpEdEp			https://nakedmormonismpodcast.libsyn.com/spedep-38-bloody-brighams-genocide-with-historian-christopher-c-smith	Fri, 27 Jan 2017 04:53:45 +0000	1/27/2017 4:53:45
Ep 47 - Executive Order: Atrocity with Andrew Torrez	History	https://nakedmormonismpodcast.com/episode-47-executive-order-atrocity-andrew-torrez/	Episode 47 notes.docx.markdown	https://nakedmormonismpodcast.libsyn.com/ep-47-executive-order-atrocity-with-andrew-torrez	Fri, 03 Feb 2017 21:01:47 +0000	2/3/2017 21:01:47
SpEdEp 39 - More-mon Conquest with Christopher Smith	SpEdEp			https://nakedmormonismpodcast.libsyn.com/spedep-39-more-mon-conquest-with-christopher-smith	Fri, 10 Feb 2017 04:26:26 +0000	2/10/2017 4:26:26
Ep 48 - Haun’s Mill Massacre	History	https://nakedmormonismpodcast.com/episode-48-hauns-mill-massacre-listen-ep-48/	Episode 48 notes.docx.markdown	https://nakedmormonismpodcast.libsyn.com/ep-48-hauns-mill-massacre	Fri, 17 Feb 2017 04:02:51 +0000	2/17/2017 4:02:51
Ep 49 - Profit of High Treason	History	https://nakedmormonismpodcast.com/episode-49-profit-high-treason/	Episode 49 notes.docx.markdown	https://nakedmormonismpodcast.libsyn.com/ep-49-profit-of-high-treason	Fri, 03 Mar 2017 03:53:53 +0000	3/3/2017 3:53:53
SpEdEp 41 - Leaking Off the Mormons with Ryan McKnight	SpEdEp			https://nakedmormonismpodcast.libsyn.com/spedep-41-leaking-off-the-mormons-with-ryan-mcknight	Fri, 10 Mar 2017 06:17:31 +0000	3/10/2017 6:17:31
Ep 50 - Mo Justice Mo Peace	History	https://nakedmormonismpodcast.com/episode-50-mo-justice-mo-peace/	Episode 50 notes.docx.markdown	https://nakedmormonismpodcast.libsyn.com/ep-50-mo-justice-mo-peace	Fri, 17 Mar 2017 05:40:49 +0000	3/17/2017 5:40:49
Naked Mormon History Travel Log 03-21-17	Travel			https://nakedmormonismpodcast.libsyn.com/naked-mormon-history-travel-log-03-21-17	Sun, 26 Mar 2017 02:21:20 +0000	3/26/2017 2:21:20
Naked Mormon History Travel Log 03-22-17	Travel			https://nakedmormonismpodcast.libsyn.com/naked-mormon-history-travel-log-03-22-17	Sun, 26 Mar 2017 02:29:10 +0000	3/26/2017 2:29:10
Naked Mormon History Travel Log 03-23-17	Travel			https://nakedmormonismpodcast.libsyn.com/naked-mormon-history-travel-log-03-23-17	Sun, 26 Mar 2017 02:39:34 +0000	3/26/2017 2:39:34
Naked Mormon History Travel Log 032617	Travel			https://nakedmormonismpodcast.libsyn.com/naked-mormon-history-travel-log-032617	Tue, 28 Mar 2017 02:00:04 +0000	3/28/2017 2:00:04
Naked Mormon History Travel Log 032717	Travel			https://nakedmormonismpodcast.libsyn.com/naked-mormon-history-travel-log-032717	Tue, 28 Mar 2017 02:39:20 +0000	3/28/2017 2:39:20
Naked Mormon History Travel Log 032817	Travel			https://nakedmormonismpodcast.libsyn.com/naked-mormon-history-travel-log-032817	Thu, 30 Mar 2017 16:12:04 +0000	3/30/2017 16:12:04
Naked Mormon  History Travel Log 033117	Travel			https://nakedmormonismpodcast.libsyn.com/naked-mormon-history-travel-log-033117	Sat, 01 Apr 2017 13:12:43 +0000	4/1/2017 13:12:43
Naked Mormon History Travel Log 040117	Travel			https://nakedmormonismpodcast.libsyn.com/naked-mormon-history-travel-log-040117	Sun, 02 Apr 2017 16:33:32 +0000	4/2/2017 16:33:32
Naked Mormonism History Travel Log 040217	Travel			https://nakedmormonismpodcast.libsyn.com/naked-mormonism-history-travel-log-040217	Mon, 03 Apr 2017 02:37:17 +0000	4/3/2017 2:37:17
Naked Mormon History Travel Log 04-03/04-17	Travel			https://nakedmormonismpodcast.libsyn.com/k	Sat, 08 Apr 2017 20:36:24 +0000	4/8/2017 20:36:24
Naked Mormon History Travel Log 040717	Travel			https://nakedmormonismpodcast.libsyn.com/naked-mormon-history-travel-log-040717	Sat, 08 Apr 2017 20:45:18 +0000	4/8/2017 20:45:18
Naked Mormon History Travel Log 040817	Travel			https://nakedmormonismpodcast.libsyn.com/naked-mormon-history-travel-log-040817	Sat, 08 Apr 2017 20:53:53 +0000	4/8/2017 20:53:53
Naked Mormon History Travel Log 040817	Travel			https://nakedmormonismpodcast.libsyn.com/naked-mormon-history-travel-log-040817-0	Sat, 08 Apr 2017 20:53:57 +0000	4/8/2017 20:53:57
Naked Mormon History Travel Log 041817	Travel			https://nakedmormonismpodcast.libsyn.com/naked-mormon-history-travel-log-041817	Tue, 18 Apr 2017 18:15:25 +0000	4/18/2017 18:15:25
Ep 51 -  Force and Inertia	History	https://nakedmormonismpodcast.com/episode-51-force-inertia/	Episode 51 notes.docx.markdown	https://nakedmormonismpodcast.libsyn.com/ep-51-force-and-inertia	Fri, 05 May 2017 02:05:18 +0000	5/5/2017 2:05:18
Ep 52 - Liberty Love Letters	History	https://nakedmormonismpodcast.com/episode-52-liberty-love-letters/	Episode 52 notes.docx.markdown	https://nakedmormonismpodcast.libsyn.com/ep-52-liberty-love-letters	Fri, 19 May 2017 01:23:18 +0000	5/19/2017 1:23:18
SpEdEp 43 - Classic Psychedelics with Prof. Carl Ruck	SpEdEp			https://nakedmormonismpodcast.libsyn.com/spedep-43-classic-psychedelics-with-prof-carl-ruck	Fri, 26 May 2017 04:01:15 +0000	5/26/2017 4:01:15
Ep 53 - Bloody’s Play While Jo’s Away	History	https://nakedmormonismpodcast.com/episode-53-bloodys-play-jos-away/	Episode 53 notes.docx.markdown	https://nakedmormonismpodcast.libsyn.com/ep-53-bloodys-play-while-jos-away	Fri, 02 Jun 2017 03:14:46 +0000	6/2/2017 3:14:46
Ep 54 - The Spalding Virus	History	https://nakedmormonismpodcast.com/episode-54-spalding-virus/	Ep 54 notes.docx.markdown	https://nakedmormonismpodcast.libsyn.com/ep-54-the-spalding-virus	Thu, 15 Jun 2017 01:35:26 +0000	6/15/2017 1:35:26
Ep 55 - Joseph’s Historical Revisionism	History	https://nakedmormonismpodcast.com/episode-55-josephs-historical-revisionism/	Episode 55 notes.docx.markdown	https://nakedmormonismpodcast.libsyn.com/ep-55-josephs-historical-revisionism	Fri, 23 Jun 2017 14:34:51 +0000	6/23/2017 14:34:51
Ep 56 - Re-Evolving Doctrine	History	https://nakedmormonismpodcast.com/episode-56-re-evolving-doctrine/	Episode 56 notes.docx.markdown	https://nakedmormonismpodcast.libsyn.com/ep-56-re-evolving-doctrine	Fri, 30 Jun 2017 01:18:50 +0000	6/30/2017 1:18:50
Ep 57 - Sign of the Times and Spiritual Tokens	History	https://nakedmormonismpodcast.com/episode-57-sign-times-spiritual-tokens/	Episode 57 notes.docx.markdown	https://nakedmormonismpodcast.libsyn.com/ep-57-sign-of-the-times-and-spiritual-tokens	Fri, 07 Jul 2017 04:23:57 +0000	7/7/2017 4:23:57
Ep 58 - Fop or a Fool for POTUS	History	https://nakedmormonismpodcast.com/episode-58-fop-fool-potus/	Episode 58 notes.docx.markdown	https://nakedmormonismpodcast.libsyn.com/ep-58-fop-or-a-fool-for-potus	Fri, 14 Jul 2017 05:15:33 +0000	7/14/2017 5:15:33
Ep 59 - CC Smith Entheogen Theory	History	https://nakedmormonismpodcast.com/episode-59-cc-smith-entheogen-theory-pt1/	Episode 59 notes.docx.markdown	https://nakedmormonismpodcast.libsyn.com/ep-59-cc-smith-entheogen-theory	Fri, 21 Jul 2017 05:02:58 +0000	7/21/2017 5:02:58
Ep 60 - CC Smith Entheogen Theory pt2	History	https://nakedmormonismpodcast.libsyn.com/ep-60-cc-smith-entheogen-theory-pt2	Episode 60 notes.docx.markdown	https://nakedmormonismpodcast.libsyn.com/ep-60-cc-smith-entheogen-theory-pt2	Wed, 26 Jul 2017 06:28:34 +0000	7/26/2017 6:28:34
2017 Sunstone SLC Wrap Up	SpEdEp			https://nakedmormonismpodcast.libsyn.com/2017-sunstone-slc-wrap-up	Fri, 04 Aug 2017 02:44:42 +0000	8/4/2017 2:44:42
Ep 61 - Congressional Deafening	History	https://nakedmormonismpodcast.com/episode-61-congressional-deafening-listen-ep-61/	Episode 61 notes.docx.markdown	https://nakedmormonismpodcast.libsyn.com/ep-61-congressional-deafening	Mon, 07 Aug 2017 03:24:05 +0000	8/7/2017 3:24:05
Ep 62 - John Bennett then Brokeit	History	https://nakedmormonismpodcast.com/episode-62-john-bennett-brokeit/	Episode 62 notes.docx.markdown	https://nakedmormonismpodcast.libsyn.com/episode-62-john-bennett-then-brokeit	Thu, 10 Aug 2017 22:48:39 +0000	8/10/2017 22:48:39
Smith Entheogen Theory Sunstone Presentation	SpEdEp			https://nakedmormonismpodcast.libsyn.com/smith-entheogen-theory-sunstone-presentation	Thu, 10 Aug 2017 22:54:03 +0000	8/10/2017 22:54:03
Ep 63 - Failure to Prophesy	History	https://nakedmormonismpodcast.com/episode-63-failure-prophesy/	Episode 63 notes.docx.markdown	https://nakedmormonismpodcast.libsyn.com/ep-63-failure-to-prophesy	Fri, 18 Aug 2017 02:17:11 +0000	8/18/2017 2:17:11
Ep 64 - Death of Joseph Smith	History	https://nakedmormonismpodcast.com/episode-64-death-joseph-smith/	Episode 64 notes.docx.markdown	https://nakedmormonismpodcast.libsyn.com/ep-64-death-of-joseph-smith	Fri, 25 Aug 2017 00:23:47 +0000	8/25/2017 0:23:47
Ep 65 - Hurricane Harvey Harbinger	History	https://nakedmormonismpodcast.com/episode-65-hurricane-harvey-harbinger/	Episode 65 notes.docx.markdown	https://nakedmormonismpodcast.libsyn.com/ep-65-hurricane-harvey-harbinger	Mon, 28 Aug 2017 03:13:29 +0000	8/28/2017 3:13:29
Ep 66 - God Mode Jo	History	https://nakedmormonismpodcast.com/episode-66-god-mode-jo/	Episode 66 notes.docx.markdown	https://nakedmormonismpodcast.libsyn.com/ep-66-god-mode-jo	Fri, 01 Sep 2017 01:26:16 +0000	9/1/2017 1:26:16
Ep 67 - Perception Check	History	https://nakedmormonismpodcast.com/episode-67-perception-check/	Episode 67 notes.docx.markdown	https://nakedmormonismpodcast.libsyn.com/ep-67-perception-check	Fri, 08 Sep 2017 00:38:57 +0000	9/8/2017 0:38:57
Ep 68 - Motivations of a Broken Mind	History	https://nakedmormonismpodcast.com/episode-68-motivations-broken-mind/	Episode 68 notes.docx.markdown	https://nakedmormonismpodcast.libsyn.com/ep-68-motivations-of-a-broken-mind	Fri, 15 Sep 2017 03:33:50 +0000	9/15/2017 3:33:50
Ep 69 - Mormon Apologist Debate	History	https://nakedmormonismpodcast.com/ep-69-mormon-apologist-debate/	Episode 69 notes.docx.markdown	https://nakedmormonismpodcast.libsyn.com/ep-69-mormon-apologist-debate	Fri, 22 Sep 2017 12:45:36 +0000	9/22/2017 12:45:36
Ep 70 - Illinois Theocracy with Geisner, Shepherd, Marquardt	History	https://nakedmormonismpodcast.com/episode-70-illinois-theocracy-geisner-shepherd-marquardt/	Episode 70 notes.docx.markdown	https://nakedmormonismpodcast.libsyn.com/ep-70-illinois-theocracy-with-geisner-shepherd-marquardt	Thu, 28 Sep 2017 23:00:46 +0000	9/28/2017 23:00:46
Ep 71 - Worst POTUS EVER with Cognitive Dissonance	History	https://nakedmormonismpodcast.com/episode-71-worst-potus-ever-cognitive-dissonance/	Episode 71 notes.docx.markdown	https://nakedmormonismpodcast.libsyn.com/ep-71-worst-potus-ever-with-cognitive-dissonance	Mon, 02 Oct 2017 23:55:06 +0000	10/2/2017 23:55:06
Ep 72 - Nauvoo: Divine Inspeculation	History	https://nakedmormonismpodcast.com/episode-72-nauvoo-divine-inspeculation/	Episode 72 notes.docx.markdown	https://nakedmormonismpodcast.libsyn.com/ep-72-nauvoo-divine-inspeculation	Fri, 13 Oct 2017 03:06:00 +0000	10/13/2017 3:06:00
Ep 73 - Heber Kimball Visionary Polygamist	History	https://nakedmormonismpodcast.com/episode-73-heber-kimball-visionary-polygamist/	Episode 73 notes.docx.markdown	https://nakedmormonismpodcast.libsyn.com/ep-73-heber-kimball-visionary-polygamist	Fri, 20 Oct 2017 04:22:34 +0000	10/20/2017 4:22:34
Ep 74 - Foster Pulls a Pistol on Joseph Smith	History	https://nakedmormonismpodcast.com/episode-74-foster-pulls-pistol-joseph-smith/	Episode 74 notes.docx.markdown	https://nakedmormonismpodcast.libsyn.com/ep-74-foster-pulls-a-pistol-on-joseph-smith	Fri, 27 Oct 2017 02:33:47 +0000	10/27/2017 2:33:47
Ep 75 - Bennett’s Teetotalitarianism	History	https://nakedmormonismpodcast.com/episode-75-bennetts-teetotalitarianism/	Episode 75 notes.docx.markdown	https://nakedmormonismpodcast.libsyn.com/ep-75-bennetts-teetotalitarianism	Fri, 03 Nov 2017 02:24:38 +0000	11/3/2017 2:24:38
Ep 76 - Blasphemers Beware	History	https://nakedmormonismpodcast.com/episode-76-blasphemers-beware/	Episode 76 notes.docx.markdown	https://nakedmormonismpodcast.libsyn.com/ep-76-blasphemers-beware	Fri, 10 Nov 2017 02:14:23 +0000	11/10/2017 2:14:23
Ep 77 - An Army to Raise a Temple	History	https://nakedmormonismpodcast.com/episode-77-army-raise-temple/	Episode 77 notes.docx.markdown	https://nakedmormonismpodcast.libsyn.com/ep-77-an-army-to-raise-a-temple	Fri, 17 Nov 2017 03:52:43 +0000	11/17/2017 3:52:43
Ep 78 - CC Polygamy Pt1	History	https://nakedmormonismpodcast.com/episode-78-cc-polygamy-pt1/	Episode 78 notes.docx.markdown	https://nakedmormonismpodcast.libsyn.com/ep-78-cc-polygamy-pt1	Fri, 24 Nov 2017 23:17:29 +0000	11/24/2017 23:17:29
Ep 79 - CC Polygamy Pt2 Joseph Smith	History	https://nakedmormonismpodcast.com/episode-79-cc-polygamy-pt2-joseph-smith/	Episode 79 notes.docx.markdown	https://nakedmormonismpodcast.libsyn.com/ep-79-cc-polygamy-pt2-joseph-smith	Fri, 01 Dec 2017 07:12:22 +0000	12/1/2017 7:12:22
Ep 80 - CC Polygamy Pt3 The Stone Rolls Forth	History	https://nakedmormonismpodcast.com/episode-80-cc-polygamy-pt3-stone-rolls-forth/	Episode 80 notes.docx.markdown	https://nakedmormonismpodcast.libsyn.com/ep-80-cc-polygamy-pt3-the-stone-rolls-forth	Fri, 08 Dec 2017 03:04:43 +0000	12/8/2017 3:04:43
Ep 81 - CC Polygamy Pt4 FLDS Warren Jeffs	History	https://nakedmormonismpodcast.com/episode-81-cc-polygamy-pt4-flds-warren-jeff/	Episode 81 notes.docx.markdown	https://nakedmormonismpodcast.libsyn.com/ep-81-cc-polygamy-pt4-flds-warren-jeffs	Fri, 15 Dec 2017 04:22:18 +0000	12/15/2017 4:22:18
Ep 82 - CC Polygamy Pt5 Lindsay Park & MLM	History	https://nakedmormonismpodcast.com/episode-82-cc-polygamy-pt5-lindsay-park-mlm/	Episode 82 notes.docx.markdown	https://nakedmormonismpodcast.libsyn.com/ep-82-cc-polygamy-pt5-lindsay-park-mlm	Thu, 21 Dec 2017 19:03:10 +0000	12/21/2017 19:03:10
Ep 83 - CC Polygamy Pt6 Roy Jeffs Pt1	History	https://nakedmormonismpodcast.com/episode-83-cc-polygamy-pt6-roy-jeffs-pt1/	Episode 83 notes.docx.markdown	https://nakedmormonismpodcast.libsyn.com/ep-83-cc-polygamy-pt6-roy-jeffs-pt1	Fri, 29 Dec 2017 01:13:58 +0000	12/29/2017 1:13:58
Ep 84 - CC Polygamy Pt7 Roy Jeffs Pt2 Thomas Monson Death	History	https://nakedmormonismpodcast.com/episode-84-cc-polygamy-pt7-roy-jeffs-pt2-thomas-monson-death/	Episode 84 notes.docx.markdown	https://nakedmormonismpodcast.libsyn.com/ep-84-cc-polygamy-pt7-roy-jeffs-pt2-thomas-monson-death	Fri, 05 Jan 2018 03:07:44 +0000	1/5/2018 3:07:44
Ep 85 - Mormon Titan	History	https://nakedmormonismpodcast.com/episode-85-mormon-titan/	Episode 85 notes.docx.markdown	https://nakedmormonismpodcast.libsyn.com/ep-85-mormon-titan	Fri, 12 Jan 2018 04:39:10 +0000	1/12/2018 4:39:10
Ep 86 - Talos’ Temple Crown	History	https://nakedmormonismpodcast.com/episode-86-talos-temple-crown/	Episode 86 notes.docx.markdown	https://nakedmormonismpodcast.libsyn.com/ep-86-talos-temple-crown	Fri, 19 Jan 2018 05:53:00 +0000	1/19/2018 5:53:00
Ep 87 - Greener Grass in Nauvoo	History	https://nakedmormonismpodcast.com/episode-87-greener-grass-nauvoo/	Episode 87 notes.docx.markdown	https://nakedmormonismpodcast.libsyn.com/ep-87-greener-grass-in-nauvoo	Fri, 26 Jan 2018 04:06:28 +0000	1/26/2018 4:06:28
Ep 88 - Joseph Smith Arrested… Again	History	https://nakedmormonismpodcast.com/episode-88-joseph-smith-arrested/	Episode 88 notes.docx.markdown	https://nakedmormonismpodcast.libsyn.com/ep-88-joseph-smith-arrested-again	Fri, 02 Feb 2018 03:25:45 +0000	2/2/2018 3:25:45
Ep 89 - Pass Go Collect 60 Bodyguards	History	https://nakedmormonismpodcast.com/%e2%80%8bepisode-89-pass-go-collect-60-bodyguards/	Episode 89 notes.docx.markdown	https://nakedmormonismpodcast.libsyn.com/ep-89-pass-go-collect-60-bodyguards	Fri, 09 Feb 2018 07:10:57 +0000	2/9/2018 7:10:57
Ep 90 - I’ll Show You a Bonaparte	History	https://nakedmormonismpodcast.com/episode-90-ill-show-bonaparte/	Episode 90 notes.docx.markdown	https://nakedmormonismpodcast.libsyn.com/ep-90-ill-show-you-a-bonaparte	Fri, 16 Feb 2018 03:15:18 +0000	2/16/2018 3:15:18
Ep 91 - Calculated Risks, Legendary Rewards with Michael Schaffer	History	https://nakedmormonismpodcast.com/episode-91-calculated-risks-legendary-rewards-michael-schaffer/	Episode 91 notes.docx.markdown	https://nakedmormonismpodcast.libsyn.com/ep-91-calculated-risks-legendary-rewards-with-michael-schaffer	Fri, 23 Feb 2018 04:38:31 +0000	2/23/2018 4:38:31
Ep 92 - Joseph’s Myth Plus Justin Clark	History	https://nakedmormonismpodcast.com/episode-92-josephs-myth-plus-justin-clark/	Episode 92 notes.docx.markdown	https://nakedmormonismpodcast.libsyn.com/ep-92-josephs-myth-plus-justin-clark	Fri, 02 Mar 2018 03:41:20 +0000	3/2/2018 3:41:20
Ep 93 - CC Protect LDS Children	History	https://nakedmormonismpodcast.com/episode-93-cc-protect-lds-children/	Episode 93 notes.docx.markdown	https://nakedmormonismpodcast.libsyn.com/ep-93-cc-protect-lds-children	Fri, 09 Mar 2018 07:10:16 +0000	3/9/2018 7:10:16
Ep 94 - Purging Any Opposed Plus Lydia Finch	History	https://nakedmormonismpodcast.com/episode-94-purging-opposed-plus-lydia-finch/	Episode 94 notes.docx.markdown	https://nakedmormonismpodcast.libsyn.com/ep-94-purging-any-opposed-plus-lydia-finch	Fri, 16 Mar 2018 03:50:43 +0000	3/16/2018 3:50:43
Ep 95 - LDS Inc.	History	https://nakedmormonismpodcast.com/episode-95-lds-inc/	Episode 95 notes.docx.markdown	https://nakedmormonismpodcast.libsyn.com/ep-95-lds-inc	Fri, 23 Mar 2018 02:37:30 +0000	3/23/2018 2:37:30
Ep 96 - Jane Doe, Joseph L. Bishop, LDS Inc.	History	https://nakedmormonismpodcast.com/episode-96-jane-doe-joseph-l-bishop-lds-inc/	Episode 96 notes.docx.markdown	https://nakedmormonismpodcast.libsyn.com/ep-96-jane-doe-joseph-l-bishop-lds-inc	Tue, 27 Mar 2018 08:00:54 +0000	3/27/2018 8:00:54
Ep 97 - Lawsuits, Politics, and Temples	History	https://nakedmormonismpodcast.com/episode-97-lawsuits-politics-temples/	Episode 97 notes.docx.markdown	https://nakedmormonismpodcast.libsyn.com/ep-97-lawsuits-politics-and-temples	Fri, 06 Apr 2018 07:01:18 +0000	4/6/2018 7:01:18
Ep 98 - Standard Operating Protectionism	History	https://nakedmormonismpodcast.com/episode-98-standard-operating-protectionism/	Episode 98 notes.docx.markdown	https://nakedmormonismpodcast.libsyn.com/ep-98-standard-operating-protectionism	Fri, 13 Apr 2018 03:50:41 +0000	4/13/2018 3:50:41
Ep 99 - I’ve Had Enough Trouble with This Thing	History	https://nakedmormonismpodcast.com/ep-99-ive-enough-trouble-thing/	Episode 99 notes.docx.markdown	https://nakedmormonismpodcast.libsyn.com/ep-99-ive-had-enough-trouble-with-this-thing	Fri, 20 Apr 2018 02:04:21 +0000	4/20/2018 2:04:21
Ep 100 - Mormonism and Masonry Inextricably Tied	History	https://nakedmormonismpodcast.com/episode-100-mormonism-masonry-inextricably-tied/	Episode 100.docx.markdown	https://nakedmormonismpodcast.libsyn.com/ep-100-mormonism-and-masonry-inextricably-tied	Fri, 27 Apr 2018 03:13:43 +0000	4/27/2018 3:13:43
Ep 101 - For the Relief of Nauvoo Society plus Kate Kelly	History	https://nakedmormonismpodcast.com/episode-101-relief-nauvoo-society-plus-kate-kelly/	Episode 101 notes.docx.markdown	https://nakedmormonismpodcast.libsyn.com/ep-101-for-the-relief-of-nauvoo-society-plus-kate-kelly	Fri, 04 May 2018 03:24:52 +0000	5/4/2018 3:24:52
Ep 102 - Mother’s Day, The Virtues of Our Legacy	History	https://nakedmormonismpodcast.com/episode-102-mothers-day-virtues-legacy/	Episode 102 notes.docx.markdown	https://nakedmormonismpodcast.libsyn.com/ep-102-mothers-day-the-virtues-of-our-legacy	Fri, 11 May 2018 03:37:22 +0000	5/11/2018 3:37:22
Ep 103 - Book of Abraham Physical Plus Jake Farr-Wharton	History	https://nakedmormonismpodcast.com/episode-103-book-abraham-physical-plus-jake-farr-wharton/	Episode 103 notes.docx.markdown	https://nakedmormonismpodcast.libsyn.com/ep-103-book-of-abraham-physical-plus-jake-farr-wharton	Fri, 18 May 2018 03:43:31 +0000	5/18/2018 3:43:31
Ep 104 - Book of Abraham Spiritual plus Lesley Butterfield	History	https://nakedmormonismpodcast.com/episode-104-book-abraham-spiritual-plus-lesley-butterfield/	Episode 104 notes.docx.markdown	https://nakedmormonismpodcast.libsyn.com/ep-104-book-of-abraham-spiritual-plus-lesley-butterfield	Fri, 25 May 2018 01:52:36 +0000	5/25/2018 1:52:36
Ep 105 - Book of Abraham Logical pt1	History	https://nakedmormonismpodcast.com/ep-105-book-abraham-logical-pt1/	Episode 105 notes.docx.markdown	https://nakedmormonismpodcast.libsyn.com/ep-105-book-of-abraham-logical-pt1	Fri, 01 Jun 2018 05:19:26 +0000	6/1/2018 5:19:26
Ep 106 - Book of Abraham Logical pt 2	History	https://nakedmormonismpodcast.com/ep-106-book-abraham-logical-pt-2/	Episode 106 notes.docx.markdown	https://nakedmormonismpodcast.libsyn.com/ep-106-book-of-abraham-logical-pt-2	Fri, 08 Jun 2018 02:32:36 +0000	6/8/2018 2:32:36
Ep 107 - Emma Hale Elect Lady	History	https://nakedmormonismpodcast.com/episode-107-emma-hale-elect-lady/	Episode 107 notes.docx.markdown	https://nakedmormonismpodcast.libsyn.com/ep-107-emma-hale-elect-lady	Fri, 15 Jun 2018 03:49:33 +0000	6/15/2018 3:49:33
Ep 108 - High Priestesses	History	https://nakedmormonismpodcast.com/episode-108-high-priestesses/	Episode 108 notes.docx.markdown	https://nakedmormonismpodcast.libsyn.com/ep-108-high-priestesses	Fri, 22 Jun 2018 16:49:34 +0000	6/22/2018 16:49:34
Ep 109 - Boggs Bites Port’s Bullet	History	https://nakedmormonismpodcast.com/episode-109-boggs-bites-ports-bullet/	Episode 109 notes.docx.markdown	https://nakedmormonismpodcast.libsyn.com/ep-109-boggs-bites-ports-bullet	Fri, 29 Jun 2018 04:29:13 +0000	6/29/2018 4:29:13
Ep 110 - King Me!	History	https://nakedmormonismpodcast.com/episode-110-king/	Episode 110 notes updated.docx.markdown	https://nakedmormonismpodcast.libsyn.com/ep-110-king-me	Fri, 06 Jul 2018 06:08:58 +0000	7/6/2018 6:08:58
Ep 111 - Queen Me! Endowment Ceremony pt. 2	History	https://nakedmormonismpodcast.com/episode-111-queen-endowment-ceremony-pt-2/	Episode 111 notes updated.docx.markdown	https://nakedmormonismpodcast.libsyn.com/ep-111-queen-me-endowment-ceremony-pt-2	Fri, 13 Jul 2018 02:27:47 +0000	7/13/2018 2:27:47
Ep 112 - By His Own Hand, the Best-Worst Mormon Scripture	History	https://nakedmormonismpodcast.com/episode-112-hand-best-worst-mormon-scripture/	Episode 112 notes.docx.markdown	https://nakedmormonismpodcast.libsyn.com/ep-112-by-his-own-hand-the-best-worst-mormon-scripture	Fri, 20 Jul 2018 05:19:03 +0000	7/20/2018 5:19:03
Ep 113 - Mormon Theocracy with Will Bagley pt.1	History	https://nakedmormonismpodcast.com/episode-113-mormon-theocracy-will-bagley-pt-1/	Episode 113-114 notes.docx.markdown	https://nakedmormonismpodcast.libsyn.com/ep-113-mormon-theocracy-with-will-bagley-pt1	Wed, 25 Jul 2018 16:57:37 +0000	7/25/2018 16:57:37
Ep 114 - Bloody Brigham’s Mormon Theocracy with Will Bagley pt.2	History	https://nakedmormonismpodcast.com/episode-114-bloody-brighams-mormon-theocracy-will-bagley-pt-2/	none	https://nakedmormonismpodcast.libsyn.com/ep-114-bloody-brighams-mormon-theocracy-with-will-bagley-pt2	Fri, 03 Aug 2018 02:15:50 +0000	8/3/2018 2:15:50
Ep 115 - Bennett, Jo’s Kindred Scoundrel	History	https://nakedmormonismpodcast.com/episode-115-bennett-jos-kindred-scoundrel/	Episode 115 notes.docx.markdown	https://nakedmormonismpodcast.libsyn.com/ep-115-bennett-jos-kindred-scoundrel	Fri, 10 Aug 2018 05:27:47 +0000	8/10/2018 5:27:47
Ep 116 - The Tongue is an Unruly Member	History	https://nakedmormonismpodcast.com/episode-116-tongue-unruly-member/	Episode 116 notes.docx.markdown	https://nakedmormonismpodcast.libsyn.com/ep-116-the-tongue-is-an-unruly-member	Fri, 17 Aug 2018 03:52:22 +0000	8/17/2018 3:52:22
Ep 117 - Miss Nancy Rigdon	History	https://nakedmormonismpodcast.com/ep-117-miss-nancy-rigdon/	Episode 117 notes.docx.markdown	https://nakedmormonismpodcast.libsyn.com/ep-117-miss-nancy-rigdon	Fri, 24 Aug 2018 05:04:18 +0000	8/24/2018 5:04:18
Ep 118 - Snow on the Roxc	History	https://nakedmormonismpodcast.com/episode-118-snow-roxc/	Episode 118 notes.docx.markdown	https://nakedmormonismpodcast.libsyn.com/ep-118-snow-on-the-roxc	Fri, 31 Aug 2018 04:36:28 +0000	8/31/2018 4:36:28
Ep 119 - Bennett’s Brothel Gets Dumped	History	https://nakedmormonismpodcast.com/episode-119-bennetts-brothel-gets-dumped/	Episode 119 notes.docx.markdown	https://nakedmormonismpodcast.libsyn.com/ep-119-bennetts-brothel-gets-dumped	Fri, 07 Sep 2018 05:30:50 +0000	9/7/2018 5:30:50
Ep 120 - Bennett LOCA	History	https://nakedmormonismpodcast.com/episode-120-bennett-loca/	Episode 120 notes.docx.markdown	https://nakedmormonismpodcast.libsyn.com/ep-120-bennett-loca	Fri, 14 Sep 2018 07:09:32 +0000	9/14/2018 7:09:32
Ep 121 - Bennett Meltdown pt. 1 Supercritical	History	https://nakedmormonismpodcast.com/ep-121-bennett-meltdown-pt-1-supercritical/	Episode 121 notes.docx.markdown	https://nakedmormonismpodcast.libsyn.com/ep-121-bennett-meltdown-pt-1-supercritical	Thu, 20 Sep 2018 23:00:00 +0000	9/20/2018 23:00:00
Ep 122 - Bennett Meltdown pt 2 Sarah Pratt	History	https://nakedmormonismpodcast.com/episode-122-bennett-meltdown-pt-2-sarah-pratt/	Episode 122 notes.docx.markdown	https://nakedmormonismpodcast.libsyn.com/122-bennett-meltdown-pt-2-sarah-pratt	Thu, 27 Sep 2018 22:00:00 +0000	9/27/2018 22:00:00
Ep 123 - BM pt 3 Polygamy Pre-Bennett w/Johnny Stephenson	History	https://nakedmormonismpodcast.com/episode-123-bennett-meltdown-part-3/	none	https://nakedmormonismpodcast.libsyn.com/ep-123-bm-pt-3-polygamy-pre-bennett-wjohnny-stephenson	Thu, 04 Oct 2018 23:00:00 +0000	10/4/2018 23:00:00
Ep 124 - BM pt 4 Polygamy Post-Bennett w/Johnny Stephenson	History	https://nakedmormonismpodcast.com/episode-124-bennett-meltdown-pt-4-polygamy-post-bennett-wjohnny-stephenson/	Episode 124 notes.docx.markdown	https://nakedmormonismpodcast.libsyn.com/ep-124-bm-pt-4-polygamy-post-bennett-wjohnny-stephenson	Thu, 11 Oct 2018 23:00:00 +0000	10/11/2018 23:00:00
Ep 125 - MLK Who? w/ Madison Harris	History	https://nakedmormonismpodcast.com/episode-125-mlk-w-madison-harris/	Episode 125 notes.docx.markdown	https://nakedmormonismpodcast.libsyn.com/ep-125-mlk-who-w-madison-harris	Thu, 18 Oct 2018 23:00:00 +0000	10/18/2018 23:00:00
Ep 126 - QED Wrap Up & Interviews	History	https://nakedmormonismpodcast.com/episode-126-qed-wrap-interviews/	none	https://nakedmormonismpodcast.libsyn.com/ep-126-qed-wrap-up-interviews	Thu, 25 Oct 2018 22:23:49 +0000	10/25/2018 22:23:49
Ep 127 - History of Liverpool by Jonas Pierce	History	https://nakedmormonismpodcast.com/episode-127-history-liverpool-jonas-pierce/	none	https://nakedmormonismpodcast.libsyn.com/ep-127-history-of-liverpool-by-jonas-pierce	Fri, 02 Nov 2018 01:00:00 +0000	11/2/2018 1:00:00
Ep 128 - Bennett Meltdown Pt 5: Fugitive Prophet	History	https://nakedmormonismpodcast.com/episode-128-bennett-meltdown-pt-5-fugitive-prophet/	Episode 128 notes.docx.markdown	https://nakedmormonismpodcast.libsyn.com/ep-128-bennett-meltdown-pt-5-fugitive-prophet	Fri, 09 Nov 2018 04:30:40 +0000	11/9/2018 4:30:40
Ep 129 - Bennett Meltdown Pt. 6 Sarah Ann Whitney	History	https://nakedmormonismpodcast.com/episode-129-bennett-meltdown-part-6-sarah-ann-whitney/	Ep 129 notes.docx.markdown	https://nakedmormonismpodcast.libsyn.com/ep-129-bennett-meltdown-pt-6-sarah-ann-whitney	Fri, 16 Nov 2018 07:19:55 +0000	11/16/2018 7:19:55
Ep 130 - Quadrennial Airlift Rescue	History	https://nakedmormonismpodcast.com/episode-130-quadrennial-airlift-rescue/	Episode 130 notes.docx.markdown	https://nakedmormonismpodcast.libsyn.com/ep-130-quadrennial-airlift-rescue	Fri, 23 Nov 2018 00:00:00 +0000	11/23/2018 0:00:00
Ep 131 - BM Pt. 7 A Corny Escape	History	https://nakedmormonismpodcast.com/episode-131-bennett-meltdown-part-7-corny-escape/	Episode 131 notes.docx.markdown	https://nakedmormonismpodcast.libsyn.com/ep-131-bm-pt-7-a-corny-escape	Fri, 30 Nov 2018 08:18:31 +0000	11/30/2018 8:18:31
Ep 132 - BM Pt. 8 2 Bennetts for 1	History	https://nakedmormonismpodcast.com/episode-132-bennett-meltdown-part-8-2-bennetts-1/	Episode 132 notes.docx.markdown	https://nakedmormonismpodcast.libsyn.com/ep-132-bm-pt-8-2-bennetts-for-1	Fri, 07 Dec 2018 06:58:56 +0000	12/7/2018 6:58:56
Ep 133 - BM Pt. 9 Moral or Physical Force	History	https://nakedmormonismpodcast.com/episode-133-bennett-meltdown-part-9-moral-physical-force/	Episode 133 notes.docx.markdown	https://nakedmormonismpodcast.libsyn.com/ep-133-bm-pt-9-moral-or-physical-force	Fri, 14 Dec 2018 07:34:20 +0000	12/14/2018 7:34:20
Ep 134 - BM Pt. 10 @OrsonHydeYoWife	History	https://nakedmormonismpodcast.com/episode-134-bennett-meltdown-part-10-orsonhydeyowife/	Episode 134 notes.docx.markdown	https://nakedmormonismpodcast.libsyn.com/ep-134-bm-pt-10-orsonhydeyowife	Fri, 21 Dec 2018 01:00:00 +0000	12/21/2018 1:00:00
Ep 135 - Frederick G. Williams in Memoriam	History	https://nakedmormonismpodcast.com/episode-135-frederick-g-williams-memoriam/	Episode 135 notes.docx.markdown	https://nakedmormonismpodcast.libsyn.com/ep-135-frederick-g-williams-in-memoriam	Fri, 28 Dec 2018 03:00:00 +0000	12/28/2018 3:00:00
Ep 136 - To Deprive a Citizen His Liberty	History	https://nakedmormonismpodcast.com/episode-136-deprive-citizen-liberty/	Episode 136 notes updated.docx.markdown	https://nakedmormonismpodcast.libsyn.com/ep-136-to-deprive-a-citizen-his-liberty	Fri, 04 Jan 2019 06:41:34 +0000	1/4/2019 6:41:34
Ep 137 - Emma’ Stairway to Hell	History	https://nakedmormonismpodcast.com/episode-137-emmas-stairway-hell/	Episode 137 notes.docx.markdown	https://nakedmormonismpodcast.libsyn.com/ep-137-emma-stairway-to-hell	Fri, 11 Jan 2019 07:31:52 +0000	1/11/2019 7:31:52
Ep 138 - Full Faith and Credit with Andrew Torrez	History	https://nakedmormonismpodcast.com/episode-138-full-faith-credit-andrew-torrez/	Episode 138 notes.docx.markdown	https://nakedmormonismpodcast.libsyn.com/ep-138-full-faith-and-credit-with-andrew-torrez	Fri, 18 Jan 2019 00:33:45 +0000	1/18/2019 0:33:45
Ep 139 - A City of Glass Houses	History	https://nakedmormonismpodcast.com/episode-139-city-glass-houses/	Episode 139 notes.docx.markdown	https://nakedmormonismpodcast.libsyn.com/ep-139-a-city-of-glass-houses	Wed, 30 Jan 2019 18:00:22 +0000	1/30/2019 18:00:22
Ep 140 - William Miller’s Bible Math	History	https://nakedmormonismpodcast.com/episode-140-william-millers-bible-math/	Episode 140 updated notes.docx.markdown	https://nakedmormonismpodcast.libsyn.com/ep-140-william-millers-bible-math	Fri, 01 Feb 2019 04:00:00 +0000	2/1/2019 4:00:00
Ep 141 - Plight of the Unwed Mother	History	https://nakedmormonismpodcast.com/episode-141-plight-unwed-mother/	Episode 141 notes.docx.markdown	https://nakedmormonismpodcast.libsyn.com/ep-141-plight-of-the-unwed-mother	Fri, 08 Feb 2019 04:00:00 +0000	2/8/2019 4:00:00
Ep 142 - Pistol Packin’ Porter in Prison	History	https://nakedmormonismpodcast.com/episode-142-pistol-packin-porter-prison/	Episode 142 notes.docx.markdown	https://nakedmormonismpodcast.libsyn.com/ep-142-pistol-packin-porter-in-prison	Fri, 15 Feb 2019 04:30:00 +0000	2/15/2019 4:30:00
Ep 143 - Kinderhoax Plates	History	https://nakedmormonismpodcast.com/episode-143-kinderhoax-plates/	Episode 143 notes.docx.markdown	https://nakedmormonismpodcast.libsyn.com/ep-143-kinderhoax-plates	Fri, 22 Feb 2019 04:30:00 +0000	2/22/2019 4:30:00
Ep 144 - If You Stir I’ll Shoot; God Damn You!	History	https://nakedmormonismpodcast.com/episode-144-stir-ill-shoot-god-damn/	Episode 144 notes.docx.markdown	https://nakedmormonismpodcast.libsyn.com/ep-144-if-you-stir-ill-shoot-god-damn-you	Fri, 01 Mar 2019 04:30:00 +0000	3/1/2019 4:30:00
Ep 145 - The Corruption of Their Leaders	History	https://nakedmormonismpodcast.com/episode-145-corruption-leaders/	Episode 145 notes.docx.markdown	https://nakedmormonismpodcast.libsyn.com/ep-145-the-corruption-of-their-leaders	Fri, 08 Mar 2019 04:30:00 +0000	3/8/2019 4:30:00
Ep 146 - I’ll See My Enemies in Hell	History	https://nakedmormonismpodcast.com/episode-146-ill-see-enemies-hell/	Episode 146 notes.docx.markdown	https://nakedmormonismpodcast.libsyn.com/ep-146-ill-see-my-enemies-in-hell	Fri, 15 Mar 2019 04:30:52 +0000	3/15/2019 4:30:52
Ep 147 - First They Came	History	https://nakedmormonismpodcast.com/episode-147-first-came/	Episode 147 notes.docx.markdown	https://nakedmormonismpodcast.libsyn.com/ep-147-first-they-came	Fri, 22 Mar 2019 03:30:00 +0000	3/22/2019 3:30:00
Ep 148 - D&C 132 Pt. 1 the Text	History	https://nakedmormonismpodcast.com/episode-148-dc-132-pt-1-text/	Episode 148 notes.docx.markdown	https://nakedmormonismpodcast.libsyn.com/ep-148-dc-132-pt-1-the-text	Fri, 29 Mar 2019 05:09:37 +0000	3/29/2019 5:09:37
Ep 149 - D&C 132 Pt. 2 the ConText	History	https://nakedmormonismpodcast.com/episode-149-dc-132-pt-2-context/	Episode 149 notes.docx.markdown	https://nakedmormonismpodcast.libsyn.com/ep-149-dc-132-pt-2-the-context	Fri, 05 Apr 2019 04:30:19 +0000	4/5/2019 4:30:19
Ep 150 - Helen Mar Kimball	History	https://nakedmormonismpodcast.com/episode-150-helen-mar-kimball/	Episode 150 notes.docx.markdown	https://nakedmormonismpodcast.libsyn.com/ep-150-helen-mar-kimball	Fri, 12 Apr 2019 04:23:51 +0000	4/12/2019 4:23:51
Ep 151 - Going With the Opposed Votes	History	https://nakedmormonismpodcast.com/episode-151-going-opposed-votes/	Episode 151 notes.docx.markdown	https://nakedmormonismpodcast.libsyn.com/ep-151-going-with-the-opposed-votes	Fri, 19 Apr 2019 03:25:38 +0000	4/19/2019 3:25:38
Ep 152 - Hiding in Plain Sight; Accult	History	https://nakedmormonismpodcast.com/ep-152-hiding-plain-sight-accult/	Episode 152 notes.docx.markdown	https://nakedmormonismpodcast.libsyn.com/ep-152-hiding-in-plain-sight-accult	Fri, 26 Apr 2019 02:00:00 +0000	4/26/2019 2:00:00
Ep 153 - D. Michael Quinn pt.1	History	https://nakedmormonismpodcast.com/episode-153-d-michael-quinn-pt-1/	none	https://nakedmormonismpodcast.libsyn.com/ep-153-d-michael-quinn-pt1	Fri, 03 May 2019 02:00:00 +0000	5/3/2019 2:00:00
Ep 153.5 - D. Michael Quinn pt.2	History	https://nakedmormonismpodcast.com/episode-153-5-d-michael-quinn-pt-2/	none	https://nakedmormonismpodcast.libsyn.com/ep-1535-d-michael-quinn-pt2	Fri, 03 May 2019 02:00:00 +0000	5/3/2019 2:00:20
Ep 154 - Jane and Emma	History	https://nakedmormonismpodcast.com/7502-2/	Episode 154 notes.docx.markdown	https://nakedmormonismpodcast.libsyn.com/ep-154-jane-and-emma	Fri, 10 May 2019 03:00:00 +0000	5/10/2019 3:00:00
Ep 155 - Alexander Neibaur and Kabbalah	History	https://nakedmormonismpodcast.com/episode-155-alexander-neibaur-kabbalah/	Episode 155 notes.docx.markdown	https://nakedmormonismpodcast.libsyn.com/ep-155-alexander-neibaur-and-kabbalah	Fri, 17 May 2019 02:00:00 +0000	5/17/2019 2:00:00
Ep 156 - Hingepin Rigdon’s Pivotal Trial	History	https://nakedmormonismpodcast.com/episode-156-hingepin-rigdons-pivotal-trial/	Episode 156 notes.docx.markdown	https://nakedmormonismpodcast.libsyn.com/ep-156-hingepin-rigdons-pivotal-trial	Fri, 24 May 2019 06:46:11 +0000	5/24/2019 6:46:11
Ep 157 - Calling in Sick	History	https://nakedmormonismpodcast.com/episode-157-calling-sick/	none	https://nakedmormonismpodcast.libsyn.com/ep-157-calling-in-sick	Thu, 30 May 2019 18:03:06 +0000	5/30/2019 18:03:06
Ep 158 - The Very Walls Had Ears	History	https://nakedmormonismpodcast.com/episode-158-walls-ears/	Episode 158 notes.docx.markdown	https://nakedmormonismpodcast.libsyn.com/ep-158-the-very-walls-had-ears	Fri, 07 Jun 2019 03:00:00 +0000	6/7/2019 3:00:00
Ep 159 - Mormon-Native Relations 1830-1840 w/Christopher C. Smith Pt.1	History	https://nakedmormonismpodcast.com/episode-159-mormon-native-relations-1830-1840-wchristopher-c-smith-pt-1/	Episode 159 notes.docx.markdown	https://nakedmormonismpodcast.libsyn.com/ep-159-mormon-native-relations-1830-1840-wchristopher-c-smith-pt1	Thu, 13 Jun 2019 16:21:18 +0000	6/13/2019 16:21:18
Ep 160 - Mormon-Native Relations 1840-1857 w/Christopher C. Smith Pt.2	History	https://nakedmormonismpodcast.com/episode-160-mormon-native-relations-1840-1857-wchristopher-c-smith-pt-2/	none	https://nakedmormonismpodcast.libsyn.com/ep-160-mormon-native-relations-1840-1857-wchristopher-c-smith-pt2	Fri, 21 Jun 2019 15:37:53 +0000	6/21/2019 15:37:53
Ep 161 - The Mormon Seraglio	History	https://nakedmormonismpodcast.com/episode-161-mormon-seraglio/	Episode 161 notes.docx.markdown	https://nakedmormonismpodcast.libsyn.com/ep-161-the-mormon-seraglio	Fri, 28 Jun 2019 01:46:15 +0000	6/28/2019 1:46:15
Ep 162 - Walker v. Hoge; Political Chess	History	https://nakedmormonismpodcast.com/episode-162-walker-v-hoge-political-chess/	Episode 162 notes.docx.markdown	https://nakedmormonismpodcast.libsyn.com/ep-162-walker-v-hoge-political-chess	Fri, 05 Jul 2019 03:00:00 +0000	7/5/2019 3:00:00
Ep 163 - Live and Die by the Law	History	https://nakedmormonismpodcast.com/episode-163-live-die-law/	Episode 163 notes.docx.markdown	https://nakedmormonismpodcast.libsyn.com/episode-163-live-and-die-by-the-law	Fri, 12 Jul 2019 04:11:17 +0000	7/12/2019 4:11:17
Ep 164 - Blade, Nor Bullet, Nor Poison Can Harm Them	History	https://nakedmormonismpodcast.com/episode-164-blade-bullet-poison-can-harm/	Episode 164 notes.docx.markdown	https://nakedmormonismpodcast.libsyn.com/ep-164-blade-nor-bullet-nor-poison-can-harm-them	Fri, 19 Jul 2019 03:00:00 +0000	7/19/2019 3:00:00
Ep 165 - Stone Rolling Through Fluid Morality	History	https://nakedmormonismpodcast.com/episode-165-stone-rolling-fluid-morality/	Episode 165 notes.docx.markdown	https://nakedmormonismpodcast.libsyn.com/ep-165-stone-rolling-through-fluid-morality	Fri, 26 Jul 2019 03:00:00 +0000	7/26/2019 3:00:00
Ep 166 - Joseph Smith’s POTUS Platform & Latter-day Lesbian	History	https://nakedmormonismpodcast.com/episode-166-joseph-smiths-potus-platform-latter-day-lesbian/	Episode 166 notes.docx.markdown	https://nakedmormonismpodcast.libsyn.com/ep-166-joseph-smiths-potus-platform-latter-day-lesbian	Wed, 31 Jul 2019 13:36:50 +0000	7/31/2019 13:36:50
Ep 167 - The Next Mormons with Jana Riess and Benjamin Knoll	History	https://nakedmormonismpodcast.com/episode-167-next-mormons-jana-riess-benjamin-knoll/	none	https://nakedmormonismpodcast.libsyn.com/ep-167-the-next-mormons-with-jana-riess-and-benjamin-knoll	Fri, 09 Aug 2019 03:00:00 +0000	8/9/2019 3:00:00
Ep 168 - Council of Fifty Pt. 1 William Clayton	History	https://nakedmormonismpodcast.com/episode-168-council-fifty-pt-1-william-clayton/	Episode 168 notes.docx.markdown	https://nakedmormonismpodcast.libsyn.com/ep-168-council-of-fifty-pt-1-william-clayton	Fri, 16 Aug 2019 03:00:00 +0000	8/16/2019 3:00:00
Ep 169 - Council of Fifty Pt. 2 Conception, Conjugation, Conglomeration	History	https://nakedmormonismpodcast.com/episode-169-council-fifty-pt-2-conception-conjugation-conglomeration/	Episode 169 notes.docx.markdown	https://nakedmormonismpodcast.libsyn.com/ep-169-council-of-fifty-pt-2-conception-conjugation-conglomeration	Fri, 23 Aug 2019 03:00:00 +0000	8/23/2019 3:00:00
Ep 170 - Council of Fifty Pt. 3 Conflagration	History	https://nakedmormonismpodcast.com/episode-170-council-fifty-pt-3-conflagration/	Episode 170 notes.docx.markdown	https://nakedmormonismpodcast.libsyn.com/ep-170-council-of-fifty-pt-3-conflagration	Fri, 30 Aug 2019 03:00:00 +0000	8/30/2019 3:00:00
Ep 171 - Horse Thief Daniel Avery	History	https://nakedmormonismpodcast.com/episode-171-horse-thief-daniel-avery/	Episode 171 notes.docx.markdown	https://nakedmormonismpodcast.libsyn.com/ep-171-horse-thief-daniel-avery	Fri, 06 Sep 2019 03:00:00 +0000	9/6/2019 3:00:00
Ep 172 - HORRIBLE MORMON MURDER	History	https://nakedmormonismpodcast.com/episode-172-horrible-mormon-murder/	Episode 172 notes.docx.markdown	https://nakedmormonismpodcast.libsyn.com/ep-172-horrible-mormon-murder	Fri, 13 Sep 2019 03:00:00 +0000	9/13/2019 3:00:00
Ep 173 - Emma’s My Hero	History	https://nakedmormonismpodcast.com/episode-173-emmas-hero/	Episode 173 notes.docx.markdown	https://nakedmormonismpodcast.libsyn.com/ep-173-emmas-my-hero	Fri, 20 Sep 2019 02:00:00 +0000	9/20/2019 2:00:00
Ep 174 - Legal Polygamy w/ Philippa Meek Pt. 1	History	https://nakedmormonismpodcast.com/episode-174-legal-polygamy-w-philippa-meek-pt-1/	none	https://nakedmormonismpodcast.libsyn.com/ep-174-legal-polygamy-w-philippa-meek-pt-1	Fri, 27 Sep 2019 02:00:00 +0000	9/27/2019 2:00:00
Ep 175 - Legal Polygamy w/ Philippa Meek Pt. 2	History	https://nakedmormonismpodcast.com/episode-175-legal-polygamy-w-philippa-meek-pt-2/	none	https://nakedmormonismpodcast.libsyn.com/ep-175-legal-polygamy-w-philippa-meek-pt-2	Fri, 04 Oct 2019 02:00:00 +0000	10/4/2019 2:00:00
Ep 176 - Smith-entheogen Theory at JWHA 2019	History	https://nakedmormonismpodcast.com/episode-176-smith-entheogen-theory-jwha-2019/	Episode 176 notes.docx.markdown	https://nakedmormonismpodcast.libsyn.com/ep-176-smith-entheogen-theory-at-jwha-2019	Fri, 11 Oct 2019 02:00:00 +0000	10/11/2019 2:00:00
Ep 177 - Jo 3.0 Boy Prophet, Seer, & Revelator	History	https://nakedmormonismpodcast.com/episode-177-jo-3-0-boy-prophet-seer-revelator/	Episode 177 notes.docx.markdown	https://nakedmormonismpodcast.libsyn.com/ep-177-jo-30-boy-prophet-seer-revelator	Fri, 18 Oct 2019 15:16:32 +0000	10/18/2019 15:16:32
Ep 178 - William Judas Law; Rat Patrol	History	https://nakedmormonismpodcast.com/7691-2/	Ep 178 notes.docx.markdown	https://nakedmormonismpodcast.libsyn.com/ep-178-william-judas-law-rat-patrol	Fri, 25 Oct 2019 02:00:00 +0000	10/25/2019 2:00:00
Ep 179 - William Brutus Marks; Rat Patrol	History	https://nakedmormonismpodcast.com/episode-179-william-brutus-marks-rat-patrol/	Episode 179 notes.docx.markdown	https://nakedmormonismpodcast.libsyn.com/ep-179-william-brutus-marks-rat-patrol	Fri, 01 Nov 2019 02:00:00 +0000	11/1/2019 2:00:00
Ep 180 - Mormons v. Carthaginians	History	https://nakedmormonismpodcast.com/episode-180-mormons-v-carthaginians/	Episode 180 notes.docx.markdown	https://nakedmormonismpodcast.libsyn.com/ep-180-mormons-v-carthaginians	Fri, 08 Nov 2019 04:00:00 +0000	11/8/2019 4:00:00
Ep 181 - Green Mountain Masons	History	https://nakedmormonismpodcast.com/episode-181-green-mountain-masons/	Episode 181 notes.docx.markdown	https://nakedmormonismpodcast.libsyn.com/ep-181-green-mountain-masons	Fri, 15 Nov 2019 04:00:00 +0000	11/15/2019 4:00:00
Ep 182 - Patterns of Eliza R. Snow	History	https://nakedmormonismpodcast.com/episode-182-patterns-eliza-r-snow/	Episode 182 notes.docx.markdown	https://nakedmormonismpodcast.libsyn.com/ep-182-patterns-of-eliza-r-snow	Fri, 22 Nov 2019 04:00:00 +0000	11/22/2019 4:00:00
Ep 183 - The Lost 116 Pages w/Don Bradley	History	https://nakedmormonismpodcast.com/episode-183-lost-116-pages-wdon-bradley/	Episode 183 notes.docx.markdown	https://nakedmormonismpodcast.libsyn.com/ep-183-the-lost-116-pages-wdon-bradley	Fri, 29 Nov 2019 18:21:14 +0000	11/29/2019 18:21:14
Ep 184 - The Power of a Mormon POTUS	History	https://nakedmormonismpodcast.com/episode-184-power-mormon-potus/	Episode 184 notes.docx.markdown	https://nakedmormonismpodcast.libsyn.com/ep-184-the-power-of-a-mormon-potus	Fri, 06 Dec 2019 04:00:00 +0000	12/6/2019 4:00:00
Ep 185 - “A FRIENDLY HINT TO MISSOURI”	History	https://nakedmormonismpodcast.com/ep-185-friendly-hint-missouri/	Episode 185 notes.docx.markdown	https://nakedmormonismpodcast.libsyn.com/ep-185-a-friendly-hint-to-missouri	Fri, 13 Dec 2019 04:00:00 +0000	12/13/2019 4:00:00
Ep 186 - The Entheogenic Origins of Mormonism: A Working Hypothesis pt.1	History	https://nakedmormonismpodcast.com/episode-186-entheogenic-origins-mormonism-working-hypothesis-pt-1/	Episode 186 notes.docx.markdown	https://nakedmormonismpodcast.libsyn.com/ep-186-the-entheogenic-origins-of-mormonism-a-working-hypothesis-pt1	Fri, 20 Dec 2019 04:00:00 +0000	12/20/2019 4:00:00
Ep 187 - The Entheogenic Origins of Mormonism: A Working Hypothesis pt.2	History	https://nakedmormonismpodcast.com/ep-187-entheogenic-origins-mormonism-working-hypothesis-pt-2/	Episode 187 notes.docx.markdown	https://nakedmormonismpodcast.libsyn.com/ep-187-the-entheogenic-origins-of-mormonism-a-working-hypothesis-pt2	Fri, 27 Dec 2019 04:00:00 +0000	12/27/2019 4:00:00
Ep 188 - The Entheogenic Origins of Mormonism: A Working Hypothesis pt. 3	History	https://nakedmormonismpodcast.com/episode-188-entheogenic-origins-mormonism-working-hypothesis-pt-3/	Episode 188 notes.docx.markdown	https://nakedmormonismpodcast.libsyn.com/ep-188-the-entheogenic-origins-of-mormonism-a-working-hypothesis-pt-3	Fri, 03 Jan 2020 04:00:00 +0000	1/3/2020 4:00:00
Ep 189 - The Next Mormon Settlement	History	https://nakedmormonismpodcast.com/ep-189-next-mormon-settlement/	Episode 189 notes.docx.markdown	https://nakedmormonismpodcast.libsyn.com/ep-189-the-next-mormon-settlement	Fri, 10 Jan 2020 04:00:00 +0000	1/10/2020 4:00:00
Ep 190 - Joseph Fought Polygamy	History	https://nakedmormonismpodcast.com/ep-190-joseph-fought-polygamy/	Episode 190 notes.docx.markdown	https://nakedmormonismpodcast.libsyn.com/ep-190-joseph-fought-polygamy	Fri, 17 Jan 2020 04:00:00 +0000	1/17/2020 4:00:00
Ep 191 - Book of the Law of the Lord (BoLoL)	History	https://nakedmormonismpodcast.com/ep-191-book-law-lord-bolol/	Episode 191 notes.docx.markdown	https://nakedmormonismpodcast.libsyn.com/ep-191-book-of-the-law-of-the-lord-bolol	Fri, 24 Jan 2020 06:31:54 +0000	1/24/2020 6:31:54
Ep 192 - Called and Numbered with the Chosen	History	https://nakedmormonismpodcast.com/episode-192-called-numbered-chosen/	Episode 192 notes.docx.markdown	https://nakedmormonismpodcast.libsyn.com/ep-192-called-and-numbered-with-the-chosen	Fri, 31 Jan 2020 04:00:00 +0000	1/31/2020 4:00:00
Ep 193 - King Follett pt. 1 The Man	History	https://nakedmormonismpodcast.com/episode-193-king-follett-pt-1-man/	Episode 193 notes.docx.markdown	https://nakedmormonismpodcast.libsyn.com/ep-193-king-follett-pt-1-the-man	Fri, 07 Feb 2020 04:00:00 +0000	2/7/2020 4:00:00
Ep 194 - King Follet pt. 2 The Myth	History	https://nakedmormonismpodcast.com/episode-194-king-follet-pt-2-myth/	Episode 194 notes.docx.markdown	https://nakedmormonismpodcast.libsyn.com/ep-194-king-follet-pt-2-the-myth	Fri, 14 Feb 2020 06:34:48 +0000	2/14/2020 6:34:48
Ep 195 - King Follett Discourse pt. 3 A Legend that Never Dies	History	https://nakedmormonismpodcast.com/episode-195-king-follett-discourse-pt-3-legend-never-dies/	Episode 195 notes.docx.markdown	https://nakedmormonismpodcast.libsyn.com/ep-195-king-follett-discourse-pt-3-a-legend-that-never-dies	Fri, 21 Feb 2020 04:00:00 +0000	2/21/2020 4:00:00
Ep 196 - Joseph Smith Assassination Plot	History	https://nakedmormonismpodcast.com/episode-196-joseph-smith-assassination-plot/	Episode 196 notes.docx.markdown	https://nakedmormonismpodcast.libsyn.com/ep-196-joseph-smith-assassination-plot	Fri, 28 Feb 2020 04:00:00 +0000	2/28/2020 4:00:00
Ep 197 - Fostered Dissent	History	https://nakedmormonismpodcast.com/episode-197-fostered-dissent/	Episode 197 notes.docx.markdown	https://nakedmormonismpodcast.libsyn.com/ep-197-fostered-dissent	Fri, 06 Mar 2020 04:00:00 +0000	3/6/2020 4:00:00
Ep 198 - Higbee Dissent	History	https://nakedmormonismpodcast.com/episode-198-higbee-dissent/	Episode 198 notes.docx.markdown	https://nakedmormonismpodcast.libsyn.com/ep-198-higbee-dissent	Fri, 13 Mar 2020 03:00:00 +0000	3/13/2020 3:00:00
Ep 199 - Lawful Dissent	History	https://nakedmormonismpodcast.com/episode-199-lawful-dissent/	Episode 199 notes.docx.markdown	https://nakedmormonismpodcast.libsyn.com/ep-199-lawful-dissent	Fri, 20 Mar 2020 16:45:52 +0000	3/20/2020 16:45:52
Ep 200 - The Nauvoo Expositor & Zion	History	https://nakedmormonismpodcast.com/episode-200-nauvoo-expositor-zion/	Episode 200 notes.docx.markdown	https://nakedmormonismpodcast.libsyn.com/ep-200-the-nauvoo-expositor-zion	Fri, 27 Mar 2020 08:47:37 +0000	3/27/2020 8:47:37
Ep 201 - Nauvoo Expositor: A Hat Full of Money	History	https://nakedmormonismpodcast.com/7902-2/	Episode 201 notes.docx.markdown	https://nakedmormonismpodcast.libsyn.com/ep-201-nauvoo-expositor-a-hat-full-of-money	Fri, 03 Apr 2020 13:57:52 +0000	4/3/2020 13:57:52
Q&A 4-6-2020	SpEdEp			https://nakedmormonismpodcast.libsyn.com/qa-4-6-2020	Tue, 07 Apr 2020 03:00:32 +0000	4/7/2020 3:00:32
Ep 202 - Nauvoo Expositor: Destruction	History	https://nakedmormonismpodcast.com/episode-202-nauvoo-expositor-destruction/	Episode 202 notes.docx.markdown	https://nakedmormonismpodcast.libsyn.com/ep-202-nauvoo-expositor-destruction	Fri, 10 Apr 2020 05:22:57 +0000	4/10/2020 5:22:57
Ep 203 - Illinois-Mormon War of Extermination	History	https://nakedmormonismpodcast.com/episode-203-illinois-mormon-war-extermination/	Episode 203 notes.docx.markdown	https://nakedmormonismpodcast.libsyn.com/ep-203-illinois-mormon-war-of-extermination	Fri, 17 Apr 2020 03:00:00 +0000	4/17/2020 3:00:00
Ep 204 - Joseph H. Jackson and Nauvoo Bogus	History	https://nakedmormonismpodcast.com/episode-204-joseph-h-jackson-nauvoo-bogus/	Episode 204 notes.docx.markdown	https://nakedmormonismpodcast.libsyn.com/ep-204-joseph-h-jackson-and-nauvoo-bogus	Fri, 24 Apr 2020 03:00:00 +0000	4/24/2020 3:00:00
Ep 205 - An Inevitable Riot and a Sham Trial	History	https://nakedmormonismpodcast.com/episode-205-inevitable-riot-sham-trial/	Episode 205 notes.docx.markdown	https://nakedmormonismpodcast.libsyn.com/ep-205-an-inevitable-riot-and-a-sham-trial	Fri, 01 May 2020 03:00:00 +0000	5/1/2020 3:00:00
Ep 206 - I’d’ve Gone West and Raised A Mightier People	History	https://nakedmormonismpodcast.com/episode-206-idve-gone-west-raised-mightier-people/	Episode 206 notes.docx.markdown	https://nakedmormonismpodcast.libsyn.com/ep-206-idve-gone-west-and-raised-a-mightier-people	Fri, 08 May 2020 03:00:00 +0000	5/8/2020 3:00:00
Ep 207 - “His Blood Would Be Shed”	History	https://nakedmormonismpodcast.com/episode-207-blood-shed/	Episode 207 notes.docx.markdown	https://nakedmormonismpodcast.libsyn.com/ep-207-his-blood-would-be-shed	Fri, 15 May 2020 03:00:00 +0000	5/15/2020 3:00:00
Ep 208 - A Fateful Crossing of the Mississippi	History	https://nakedmormonismpodcast.com/episode-208-fateful-crossing-mississippi/	Episode 208 notes.docx.markdown	https://nakedmormonismpodcast.libsyn.com/ep-208-a-fateful-crossing-of-the-mississippi	Fri, 22 May 2020 03:00:00 +0000	5/22/2020 3:00:00
Ep 209 - “We Will Be Reconciled to Our Fate”	History	https://nakedmormonismpodcast.com/episode-209-will-reconciled-fate/	Episode 209 notes.docx.markdown	https://nakedmormonismpodcast.libsyn.com/ep-209-we-will-be-reconciled-to-our-fate	Fri, 29 May 2020 03:00:00 +0000	5/29/2020 3:00:00
Ep 210 - First Night in Carthage Jail	History	https://nakedmormonismpodcast.com/episode-210-first-night-carthage-jail/	Episode 210 notes.docx.markdown	https://nakedmormonismpodcast.libsyn.com/ep-210-first-night-in-carthage-jail	Fri, 05 Jun 2020 03:00:00 +0000	6/5/2020 3:00:00
Ep 211 - “I Think You Are Perfectly Safe”	History	https://nakedmormonismpodcast.com/episode-211-think-perfectly-safe/	Episode 211 notes.docx.markdown	https://nakedmormonismpodcast.libsyn.com/ep-211-i-think-you-are-perfectly-safe	Fri, 12 Jun 2020 03:00:00 +0000	6/12/2020 3:00:00
Ep 212 - Emma Smith, Linda Newell, and Valeen Avery	History	https://nakedmormonismpodcast.com/episode-212-emma-smith-linda-newell-valeen-avery/	Episode 212 notes.docx.markdown	https://nakedmormonismpodcast.libsyn.com/ep-212-emma-smith-linda-newell-and-valeen-avery	Fri, 19 Jun 2020 03:00:00 +0000	6/19/2020 3:00:00
Ep 213 - With Useful Studies Store Your Mind	History	https://nakedmormonismpodcast.com/episode-213-useful-studies-store-mind/	Episode 213 notes.docx.markdown	https://nakedmormonismpodcast.libsyn.com/ep-213-with-useful-studies-store-your-mind	Fri, 26 Jun 2020 03:00:00 +0000	6/26/2020 3:00:00
Ep 214 - Mormonism From Its Infancy	History	https://nakedmormonismpodcast.com/episode-214-mormonism-infancy/	Episode 214 notes.docx.markdown	https://nakedmormonismpodcast.libsyn.com/ep-214-mormonism-from-its-infancy	Fri, 03 Jul 2020 03:00:00 +0000	7/3/2020 3:00:00
Road to Carthage 1 - Avarice	History	https://nakedmormonismpodcast.com/road-carthage-1-avarice/	1 - Greed (script).docx.markdown	https://nakedmormonismpodcast.libsyn.com/road-to-carthage-1-avarice	Fri, 10 Jul 2020 03:00:00 +0000	7/10/2020 3:00:00